{
  "project_info": {
    "project_number": "194949036957",
    "project_id": "care-maintenance-26e61",
    "storage_bucket": "care-maintenance-26e61.firebasestorage.app"
  },
  "client": [
    {
      "client_info": {
        "mobilesdk_app_id": "1:194949036957:android:db44c6ce656b67c3e30d74",
        "android_client_info": {
          "package_name": "com.example.ron"
        }
      },
      "oauth_client": [],
      "api_key": [
        {
          "current_key": "AIzaSyDSmFaKlqX7zL5vE4mIf-qqCZShlqtE14I"
        }
      ],
      "services": {
        "appinvite_service": {
          "other_platform_oauth_client": []
        }
      }
    }
  ],
  "configuration_version": "1"
}